question,keywords,advice,scene,priority
嗓子干痒怎么办,嗓子干痒,多喝35-40℃温水，每日1500-2000ml，小口慢饮；可含服温和润喉糖；避免频繁清嗓，用吞咽代替；室内湿度保持40%-60%,日常,高
嗓子疼怎么缓解,嗓子疼,急性疼痛期减少说话，必要时禁声；温盐水漱口（1/4茶匙盐+温水）；避免辛辣、过烫食物；可做喉部放松按摩,日常,高
声音嘶哑怎么办,声音嘶哑,立即休声，减少发声；雾化吸入生理盐水；避免用力清嗓；若超过72小时未恢复，及时就医,日常,高
如何科学用嗓,科学用嗓,采用腹式呼吸发声，喉部放松；避免长时间大声说话，每45分钟休息5分钟；音量不超80分贝；用扩音设备辅助,职业用嗓,高
教师如何护嗓,教师护嗓,每节课后声带休息5分钟；用麦克风扩音；避免连续大声讲课；课间做气泡音放松；常备温水,职业用嗓,高
主播/歌手护嗓方法,主播护嗓,每日练声不超1小时；避免硬挤高音；用腹式发声；演出前不喝冰饮；备润喉饮品,职业用嗓,高
用嗓过度后如何恢复,用嗓过度,立即禁声休息；温水润喉；做喉部放松训练；避免刺激性食物；严重时雾化治疗,用嗓后,高
胃酸反流伤嗓怎么办,胃酸反流,睡前3小时不进食；床头抬高15-20cm；避免咖啡、酒精、辛辣食物；少食多餐，晚餐七分饱,日常,中
如何预防嗓子发炎,预防咽炎,注意保暖，避免感冒；远离粉尘、二手烟；加强锻炼，提高免疫力；用嗓后及时补水,日常,高
慢性咽炎如何护嗓,慢性咽炎,长期保持喉部湿润；避免刺激物；规律作息；遵医嘱用中成药；定期做喉部检查,日常,中
感冒时如何护嗓,感冒护嗓,急性期减少说话；雾化治疗；避免含薄荷喉片；炎症期可含温和润喉糖；恢复期做发声训练,疾病期,高
嗓子有异物感怎么办,异物感,小口喝水吞咽；做轻柔哼鸣；避免频繁清嗓；若持续不适，就医检查是否有反流或炎症,日常,中
哪些食物护嗓,护嗓食物,多吃雪梨、银耳羹、百合粥、白萝卜汤；适量蜂蜜、柠檬温水；推荐麦冬、玄参、桔梗代茶饮,日常,高
哪些食物伤嗓,伤嗓食物,忌辛辣、油炸、过冷过热食物；少咖啡、浓茶、碳酸饮料；戒烟限酒；避免过甜或过咸食物,日常,高
护嗓茶饮推荐,护嗓茶饮,金银花菊花茶（清热利咽）；桔梗甘草茶（宣肺利咽）；麦冬玉竹茶（滋阴润燥）；胖大海罗汉果茶（润喉）,日常,中
频繁清嗓好不好,频繁清嗓,不好，会损伤声带；建议用温水吞咽或哼鸣代替；喉部不适时小口喝水缓解,日常,高
如何做喉部放松,喉部放松,双手轻拍颈部肌肉；喉结两侧轻轻按摩；打哈欠、吹气练习；晨起做气泡音训练,日常,中
什么是腹式发声,腹式发声,腹式发声，用膈肌发力，气流自下而上；喉部放松，不用嗓子硬喊；可通过深呼吸练习掌握,日常,中
室内环境如何护嗓,室内护嗓,湿度40%-60%，干燥时用加湿器；避免空调直吹；定期通风；远离粉尘和异味,日常,中
户外如何护嗓,户外护嗓,雾霾天戴N95口罩；冬季戴围巾护喉；干燥环境及时补水；避免在嘈杂处大声说话,日常,中
儿童如何护嗓,儿童护嗓,避免大喊大叫；少吃甜食和冷饮；感冒时及时休声；声音嘶哑超2周就医检查,儿童,中
老年人如何护嗓,老年人护嗓,每日做声带放松训练；控制用嗓时间；注意保暖防感冒；声音持续改变及时做CT检查,老年人,中
孕妇如何护嗓,孕妇护嗓,避免大声说话；用耳语式发声减少振动；多喝水；避免刺激物；遵医嘱用药,特殊人群,中
哺乳期如何护嗓,哺乳期护嗓,科学用嗓，避免过度；多喝水，饮食清淡；避免自行用药；不适及时就医,特殊人群,中
声带小结如何护嗓,声带小结,减少用嗓，接受语言病理治疗；学习正确发声；避免刺激物；定期复查，必要时手术,疾病期,高
急性喉炎怎么办,急性喉炎,立即禁声；雾化治疗；及时就医；遵医嘱用药；避免用力发声加重损伤,疾病期,高
唱歌时如何护嗓,唱歌护嗓,选适合音域的歌曲；避免连续飙高音；用腹式发声；唱后休息，不喝冰饮；做喉部放松,娱乐,中
演讲时如何护嗓,演讲护嗓,提前练声，掌握腹式发声；用麦克风；控制语速音量；中场休息补水；避免紧张大喊,职业用嗓,中
长时间说话如何护嗓,长时间说话,每30-45分钟休息5分钟；用腹部发力；保持音量适中；及时补水；避免清嗓,职业用嗓,中
如何缓解声带疲劳,声带疲劳,立即停止用嗓；温水润喉；做喉部按摩；深呼吸放松；严重时休声1-2天,用嗓后,高
护嗓误区有哪些,护嗓误区,频繁清嗓伤嗓；滥用抗生素；多吃润喉糖；盲目喝凉茶；长期悄悄话发声,日常,高
蒸汽敷喉有用吗,蒸汽敷喉,有用，可湿润喉部，缓解干痒；每日1-2次，每次10分钟，用40℃左右温蒸汽,日常,中
温盐水漱口有用吗,温盐水漱口,有用，可减轻喉部肿胀、消炎；每日2-3次，用淡盐水，避免过浓刺激,日常,中
润喉糖怎么选,润喉糖,选成分温和、无麻醉剂的；避免含薄荷过多（加重干燥）；适量食用，不依赖,日常,中
中药护嗓注意事项,中药护嗓,中药护嗓，在医生指导下使用；避免苦寒伤脾；不长期自行饮用；胃不好者慎用,日常,中
如何做气泡音练习,气泡音练习,晨起放松，口腔微张，轻呼气发出“咕噜”声，感受声带振动；每次1-2分钟，放松声带,日常,中
如何做哼鸣训练,哼鸣训练,闭口发“嗯—”声，找准眉心、鼻腔振动；每次3-5分钟，找准发声位置，保护声带,日常,中
抗反流护嗓方法,抗反流护嗓,睡前3小时禁食；床头抬高；避免咖啡、酒精、辛辣；少食多餐；用甘草柠檬茶替代咖啡,日常,中
声带急救方法,声带急救,嗓子剧痛、嘶哑严重时，立即禁声；温水润喉；雾化；24小时未缓解及时就医,疾病期,高
网课老师如何护嗓,网课护嗓,用麦克风，避免凑近设备大喊；每节课后做5分钟气泡音；室内加湿；常备温水,职业用嗓,中
体育老师如何护嗓,体育老师,用哨子代替大喊；分组教学减少用嗓；户外戴口罩防粉尘；课后温水润喉,职业用嗓,中
音乐老师如何护嗓,音乐老师,示范时用轻声，避免全声演唱；每节课后休声；避免连续高音；定期做喉镜检查,职业用嗓,中
班主任如何护嗓,班主任,用耳麦扩音，避免维持纪律时大喊；课间做喉部放松；感冒时及时休声；常备润喉糖,职业用嗓,中
新教师如何护嗓,新教师,学习腹式发声，避免用嗓硬喊；控制音量，用麦克风；每节课后休息；避免连续排课,职业用嗓,中
毕业班老师如何护嗓,毕业班老师,备考季减少大声讲课；用板书+PPT辅助；课间做深呼吸；慢性咽炎发作及时就医,职业用嗓,中
培训机构老师如何护嗓,培训机构老师,连续上课不超2小时；用麦克风；每小时休息5分钟；避免在嘈杂环境授课,职业用嗓,中
大学讲师如何护嗓,大学讲师,用多媒体辅助，减少长时间讲解；课间与学生互动时轻声；避免情绪激动大声说话,职业用嗓,中
幼儿园老师如何护嗓,幼儿园老师,用游戏化教学减少说教；用耳麦；避免哄孩子时大喊；课后做喉部放松,职业用嗓,中
直播主播如何护嗓,直播主播,每日直播不超4小时；用专业麦克风；每小时休息10分钟；避免连续高音；备润喉茶,职业用嗓,中
配音员如何护嗓,配音员,分段录制，每30分钟休息；用腹式发声；避免模仿尖锐声音；录制后温水润喉,职业用嗓,中
婚礼主持人如何护嗓,婚礼主持人,提前练声，控制情绪；用麦克风；仪式中适时补水；避免长时间高亢发声,职业用嗓,中
播客主播如何护嗓,播客主播,用降噪麦克风，避免凑近大喊；每集录制后休声；避免长时间戴耳机讲话；备温水,职业用嗓,中
短视频博主如何护嗓,短视频博主,避免频繁喊口号；用后期配音代替现场大喊；每拍几条后休声；避免刺激性饮食,职业用嗓,中
唱K后如何护嗓,唱K后,立即休声；喝温水，不喝冰饮；做喉部按摩；避免第二天继续用嗓过度；严重时雾化,娱乐,中
感冒后嗓子哑怎么办,感冒后嗓子哑,禁声休息；雾化吸入；避免清嗓；遵医嘱用润喉中成药；72小时未恢复就医,疾病期,高
雾霾天嗓子痒怎么办,雾霾天嗓子痒,戴N95口罩；回家后用温盐水漱口；避免在户外久留；多喝水，室内加湿,日常,中
空调房嗓子干怎么办,空调房嗓子干,用加湿器；每小时喝温水；避免空调直吹喉部；含润喉糖缓解干痒,日常,中
大声吵架后嗓子疼怎么办,吵架后嗓子疼,立即休声；温水润喉；做喉部放松；避免继续大声说话；24小时不缓解就医,日常,中
游泳后嗓子疼怎么办,游泳后嗓子疼,用温盐水漱口；避免清嗓；休声休息；若持续疼痛，检查是否有泳池水刺激,日常,中
熬夜后嗓子没力气怎么办,熬夜后嗓子没力气,多喝水；休声休息；喝麦冬玉竹茶；避免用嗓；次日保证睡眠,日常,中
吃辣后嗓子疼怎么办,吃辣后嗓子疼,喝温牛奶或蜂蜜水；避免清嗓；休声；避免再吃刺激性食物；严重时含润喉糖,日常,中
儿童大喊后嗓子哑怎么办,儿童大喊后嗓子哑,让孩子立即休声；喝温水；避免批评时大喊；2周未恢复就医检查,儿童,中
老年人嗓子干说话没力怎么办,老年人嗓子干,每日做气泡音练习；用加湿器；饮食清淡，多吃雪梨；避免长时间说话,老年人,中
孕妇嗓子疼怎么办,孕妇嗓子疼,用温盐水漱口；多喝水；休声休息；避免自行用药；严重时就医,特殊人群,中
哺乳期嗓子干怎么办,哺乳期嗓子干,多喝水；用温水润喉；避免刺激性食物；休声休息；不适及时就医,特殊人群,中
声带小结能恢复吗,声带小结,早期小结通过休声和正确发声训练可恢复；严重时需手术；避免用嗓过度,疾病期,中
急性喉炎会失声吗,急性喉炎,严重时会失声；需立即禁声、雾化治疗；及时就医，避免转为慢性喉炎,疾病期,高
慢性咽炎能根治吗,慢性咽炎,无法根治，可通过长期调理控制；避免刺激物；规律作息；增强免疫力,疾病期,中
如何判断嗓子疲劳,嗓子疲劳,说话时声音发紧、音量下降；喉部酸胀；想频繁清嗓；说话费力，需立即休声,日常,中
如何判断声带损伤,声带损伤,声音持续嘶哑超过2周；说话时喉部疼痛；发声费力；痰中带血，需及时就医,疾病期,高
护嗓的最佳时间,护嗓最佳时间,晨起做气泡音；用嗓后立即休声；睡前不进食（防反流）；换季时提前加湿,日常,中
冬季护嗓重点,冬季护嗓,戴围巾护喉；室内加湿；避免冷空气直吹；多喝水；感冒时及时休声,季节,中
夏季护嗓重点,夏季护嗓,避免空调直吹；少喝冰饮；出汗后及时补水；避免在高温处大声说话,季节,中
春季护嗓重点,春季护嗓,防花粉刺激；戴口罩；避免感冒；多喝水；用嗓后及时休声,季节,中
秋季护嗓重点,秋季护嗓,防干燥；用加湿器；多吃润肺食物；避免用嗓过度；感冒时及时休声,季节,中
如何选择护嗓保健品,护嗓保健品,选成分天然的；避免含麻醉剂的；不依赖保健品，以科学用嗓为主,日常,中
胖大海能长期喝吗,胖大海,不能，长期喝会损伤脾胃；胃寒、腹泻者慎用；仅短期用于缓解声哑,日常,中
罗汉果茶适合所有人吗,罗汉果茶,不适合，脾胃虚寒者慎用；糖尿病患者适量；仅短期用于润喉,日常,中
蜂蜜水护嗓有用吗,蜂蜜水,有用，可润喉缓解干痒；1岁以下婴儿禁用；温水冲服，避免高温破坏营养,日常,中
柠檬片泡水护嗓吗,柠檬片泡水,可补充维C，缓解干痒；避免浓度过高刺激喉部；温水冲泡,日常,中
如何做喉部按摩,喉部按摩,用拇指和食指轻按喉结两侧，从上到下按摩；每次2-3分钟，放松肌肉,日常,中
如何做吹气练习,吹气练习,用吸管吹水杯中的水，缓慢均匀吹气；每次1-2分钟，锻炼膈肌,日常,中
如何做打哈欠练习,打哈欠练习,自然打哈欠，感受喉部打开；每次3-5次，放松喉部肌肉,日常,中
如何做耳语练习,耳语练习,用耳语式发声，减少声带振动；每次5分钟，适合喉部不适时使用,日常,中
如何避免清嗓,避免清嗓,用吞咽代替清嗓；小口喝水；做哼鸣；若频繁清嗓，检查是否有反流或炎症,日常,高
如何用麦克风护嗓,麦克风护嗓,保持距离15-20cm；避免凑近大喊；用无线麦减少束缚；定期清洁麦头,职业用嗓,中
如何用扩音器护嗓,扩音器护嗓,音量适中，不超80分贝；避免长时间连续使用；用耳麦代替手持麦,职业用嗓,中
如何在嘈杂环境护嗓,嘈杂环境护嗓,用麦克风；避免大声喊叫；缩短用嗓时间；用手势代替说话,日常,中
如何在粉尘环境护嗓,粉尘环境护嗓,戴口罩；避免大声说话；回家后用温盐水漱口；多喝水,日常,中
如何在油烟环境护嗓,油烟环境护嗓,戴口罩；避免在厨房久留；用油烟机；回家后漱口，休声休息,日常,中
如何在二手烟环境护嗓,二手烟环境护嗓,远离烟雾；戴口罩；多喝水；用温盐水漱口；避免用嗓过度,日常,中
如何在空调环境护嗓,空调环境护嗓,用加湿器；每小时喝温水；避免空调直吹喉部；含润喉糖,日常,中
如何在暖气环境护嗓,暖气环境护嗓,用加湿器；多喝水；避免长时间待在暖气房；喉部不适时休声,日常,中
如何在干燥环境护嗓,干燥环境护嗓,用加湿器；多喝水；多吃润肺食物；避免用嗓过度；含润喉糖,日常,中
如何在潮湿环境护嗓,潮湿环境护嗓,避免受凉；戴口罩；多喝水；避免用嗓过度；感冒时及时休声,日常,中
如何在高原环境护嗓,高原环境护嗓,避免大声说话；多喝水；用加湿器；避免用嗓过度；严重时就医,特殊环境,中
如何在海边环境护嗓,海边环境护嗓,避免海风直吹；戴口罩；多喝水；避免在沙滩上大喊；休声休息,特殊环境,中
如何在山区环境护嗓,山区环境护嗓,避免大声喊叫；戴口罩；多喝水；避免用嗓过度；感冒时及时休声,特殊环境,中
如何在地铁环境护嗓,地铁环境护嗓,戴口罩；避免大声说话；用耳机听音乐，减少用嗓；回家后漱口,日常,中
如何在公交环境护嗓,公交环境护嗓,戴口罩；避免大声说话；用手势代替交流；回家后漱口,日常,中
如何在办公室环境护嗓,办公室环境护嗓,用麦克风开会；每小时休息5分钟；避免在办公室大喊；多喝水,日常,中
如何在教室环境护嗓,教室环境护嗓,用麦克风；每节课后休声；避免在嘈杂处讲课；室内加湿,职业用嗓,中
如何在演播室环境护嗓,演播室环境护嗓,用专业麦克风；每小时休息10分钟；避免连续高音；备润喉茶,职业用嗓,中
如何在录音棚环境护嗓,录音棚环境护嗓,分段录制，每30分钟休息；用腹式发声；避免模仿尖锐声音；录制后休声,职业用嗓,中
如何在舞台环境护嗓,舞台环境护嗓,用无线麦；避免情绪激动大喊；每半小时休息；备温水；避免冰饮,职业用嗓,中
如何在户外演出护嗓,户外演出护嗓,戴口罩防粉尘；用专业麦；避免连续高音；演出后立即休声；备润喉茶,职业用嗓,中
如何在室内演出护嗓,室内演出护嗓,用专业麦；避免长时间高亢发声；演出后温水润喉；避免刺激性饮食,职业用嗓,中
如何在比赛时护嗓,比赛护嗓,提前练声，控制情绪；用麦克风；避免连续高音；比赛后立即休声,娱乐,中
如何在考试时护嗓,考试护嗓,避免紧张大喊；用耳语式答题；每小时休息5分钟；多喝水,日常,中
如何在面试时护嗓,面试护嗓,提前练声，控制音量；用腹式发声；避免紧张清嗓；面试后休声休息,日常,中
如何在会议时护嗓,会议护嗓,用麦克风；每小时休息5分钟；避免长时间发言；用手势代替说话,日常,中
如何在谈判时护嗓,谈判护嗓,控制情绪，避免大喊；用腹式发声；每半小时休息；备温水,日常,中
如何在演讲比赛护嗓,演讲比赛护嗓,提前练声，掌握腹式发声；用麦克风；避免情绪激动；比赛后休声,职业用嗓,中
如何在辩论赛护嗓,辩论赛护嗓,用麦克风；控制语速音量；每轮辩论后休息；避免连续高音,娱乐,中
如何在直播带货护嗓,直播带货,用专业麦克风；每小时休息10分钟；避免连续高音；备润喉茶；避免刺激性饮食,职业用嗓,中
如何在线上授课护嗓,线上授课护嗓,用耳麦；每节课后休声5分钟；避免凑近设备大喊；室内加湿,职业用嗓,中
如何在线下授课护嗓,线下授课护嗓,用麦克风；每节课后休声；避免在嘈杂处讲课；室内加湿,职业用嗓,中
如何在家长会护嗓,家长会护嗓,用麦克风；控制音量；每半小时休息；避免情绪激动大喊；备温水,职业用嗓,中
如何在公开课护嗓,公开课护嗓,提前练声；用多媒体辅助；每20分钟休息；避免连续大声讲课,职业用嗓,中
如何在示范课护嗓,示范课护嗓,用麦克风；控制音量；每半小时休息；避免情绪激动；备温水,职业用嗓,中
如何在教研活动护嗓,教研活动护嗓,用麦克风；每小时休息5分钟；避免长时间发言；用手势代替说话,职业用嗓,中
如何在培训活动护嗓,培训活动护嗓,用麦克风；每小时休息10分钟；避免连续讲课；备润喉茶,职业用嗓,中
如何在团建活动护嗓,团建活动护嗓,避免大喊大叫；用麦克风；每小时休息；备温水；避免刺激性饮食,娱乐,中
如何在亲子活动护嗓,亲子活动护嗓,用游戏化方式减少说教；用耳麦；避免哄孩子时大喊；课后休声,日常,中
如何在社区活动护嗓,社区活动护嗓,用麦克风；控制音量；每半小时休息；避免在嘈杂处讲话；备温水,日常,中
如何在公益活动护嗓,公益活动护嗓,用麦克风；每小时休息；避免连续高音；备润喉茶；避免刺激性饮食,日常,中
如何在婚礼上护嗓,婚礼上护嗓,用麦克风；控制情绪；每半小时休息；避免高亢发声；备温水,娱乐,中
如何在寿宴上护嗓,寿宴上护嗓,用麦克风；避免长时间致辞；每15分钟休息；备温水；避免刺激性饮食,娱乐,中
如何在宴会上护嗓,宴会上护嗓,用麦克风；控制音量；每半小时休息；避免情绪激动大喊；备温水,娱乐,中
如何在聚会上护嗓,聚会上护嗓,避免大喊大叫；用麦克风；每小时休息；备温水；避免冰饮,娱乐,中
如何在KTV护嗓,KTV护嗓,避免连续飙高音；用腹式发声；每唱几首后休声；避免冰饮；唱后温水润喉,娱乐,中
如何在卡拉OK护嗓,卡拉OK护嗓,选适合自己的歌；避免连续高音；每唱几首后休声；避免冰饮,娱乐,中
如何在合唱团护嗓,合唱团护嗓,用腹式发声；避免全声演唱；每排练30分钟休息；避免刺激性饮食,娱乐,中
如何在乐队演出护嗓,乐队演出护嗓,用专业麦；避免连续高音；演出后立即休声；备润喉茶；避免冰饮,娱乐,中
如何在戏曲表演护嗓,戏曲表演护嗓,提前练声；用腹式发声；每半小时休息；避免刺激性饮食；演出后温水润喉,娱乐,中
如何在话剧表演护嗓,话剧表演护嗓,用麦克风；控制音量；每幕间休声；避免情绪激动大喊；备温水,娱乐,中
如何在歌剧表演护嗓,歌剧表演护嗓,提前练声；用腹式发声；每半小时休息；避免刺激性饮食；演出后休声,娱乐,中
如何在音乐剧表演护嗓,音乐剧表演护嗓,用专业麦；避免连续高音；每幕间休声；备润喉茶；避免冰饮,娱乐,中
如何在配音比赛护嗓,配音比赛护嗓,分段录制，每30分钟休息；用腹式发声；避免模仿尖锐声音；比赛后休声,娱乐,中
如何在朗诵比赛护嗓,朗诵比赛护嗓,提前练声；用腹式发声；每15分钟休息；避免情绪激动；备温水,娱乐,中
如何在主持人大赛护嗓,主持人大赛护嗓,用麦克风；控制音量；每半小时休息；避免高亢发声；备温水,娱乐,中
如何在主播大赛护嗓,主播大赛护嗓,用专业麦；每小时休息10分钟；避免连续高音；备润喉茶；避免刺激性饮食,娱乐,中
如何在歌手大赛护嗓,歌手大赛护嗓,提前练声；用腹式发声；每半小时休息；避免冰饮；比赛后休声,娱乐,中
如何在乐器演奏护嗓,乐器演奏护嗓,避免边演奏边大喊；用麦克风；每半小时休息；备温水；避免刺激性饮食,娱乐,中
如何在舞蹈表演护嗓,舞蹈表演护嗓,避免边跳边大喊；用麦克风；每幕间休声；备温水；避免冰饮,娱乐,中
如何在魔术表演护嗓,魔术表演护嗓,用麦克风；控制音量；每半小时休息；避免情绪激动；备温水,娱乐,中
如何在杂技表演护嗓,杂技表演护嗓,用麦克风；避免连续高音；每半小时休息；备温水；避免刺激性饮食,娱乐,中
如何在马戏表演护嗓,马戏表演护嗓,用麦克风；控制音量；每半小时休息；避免情绪激动大喊；备温水,娱乐,中
如何在体育比赛护嗓,体育比赛护嗓,用麦克风；避免大喊加油；每半小时休息；备温水；避免冰饮,娱乐,中
如何在电竞比赛护嗓,电竞比赛护嗓,用耳麦；避免激动大喊；每局后休声；备温水；避免刺激性饮食,娱乐,中
如何在户外拓展护嗓,户外拓展护嗓,戴口罩防粉尘；避免大喊；每小时休息；备温水；避免用嗓过度,娱乐,中
如何在露营活动护嗓,露营活动护嗓,避免在户外大喊；戴口罩；每小时休息；备温水；避免刺激性饮食,娱乐,中
如何在登山活动护嗓,登山活动护嗓,避免大喊；戴口罩；每半小时休息；备温水；避免用嗓过度,娱乐,中
如何在徒步活动护嗓,徒步活动护嗓,避免大喊；戴口罩；每小时休息；备温水；避免用嗓过度,娱乐,中
如何在骑行活动护嗓,骑行活动护嗓,戴口罩；避免边骑边大喊；每小时休息；备温水；避免用嗓过度,娱乐,中
如何在跑步活动护嗓,跑步活动护嗓,避免边跑边大喊；用鼻呼吸；每半小时休息；备温水；避免用嗓过度,娱乐,中
如何在游泳活动护嗓,游泳活动护嗓,避免在水中大喊；用鼻呼吸；游泳后用温盐水漱口；休声休息,娱乐,中
如何在健身活动护嗓,健身活动护嗓,避免边练边大喊；用鼻呼吸；每半小时休息；备温水；避免用嗓过度,娱乐,中
如何在瑜伽活动护嗓,瑜伽活动护嗓,用腹式呼吸；避免大声引导；每节课后休声；备温水；避免刺激性饮食,娱乐,中
如何在普拉提活动护嗓,普拉提活动护嗓,用腹式呼吸；避免大声引导；每节课后休声；备温水；避免刺激性饮食,娱乐,中
如何在冥想活动护嗓,冥想活动护嗓,用耳语式引导；避免大声说话；每节课后休声；备温水；避免刺激性饮食,娱乐,中
如何在禅修活动护嗓,禅修活动护嗓,保持静默；避免说话；每小时休息；备温水；避免用嗓过度,娱乐,中
如何在书法活动护嗓,书法活动护嗓,保持静默；避免说话；每小时休息；备温水；避免用嗓过度,娱乐,中
如何在绘画活动护嗓,绘画活动护嗓,保持静默；避免说话；每小时休息；备温水；避免用嗓过度,娱乐,中
如何在手工活动护嗓,手工活动护嗓,保持静默；避免说话；每小时休息；备温水；避免用嗓过度,娱乐,中
如何在烘焙活动护嗓,烘焙活动护嗓,避免在油烟中大喊；戴口罩；每半小时休息；备温水；避免刺激性饮食,娱乐,中
如何在烹饪活动护嗓,烹饪活动护嗓,避免在油烟中大喊；戴口罩；每半小时休息；备温水；避免刺激性饮食,娱乐,中
如何在园艺活动护嗓,园艺活动护嗓,戴口罩；避免在粉尘中大喊；每小时休息；备温水；避免用嗓过度,娱乐,中
如何在钓鱼活动护嗓,钓鱼活动护嗓,保持静默；避免说话；每小时休息；备温水；避免用嗓过度,娱乐,中
如何在摄影活动护嗓,摄影活动护嗓,保持静默；避免说话；每小时休息；备温水；避免用嗓过度,娱乐,中
如何在写作活动护嗓,写作活动护嗓,保持静默；避免说话；每小时休息；备温水；避免用嗓过度,娱乐,中
如何在阅读活动护嗓,阅读活动护嗓,保持静默；避免说话；每小时休息；备温水；避免用嗓过度,娱乐,中
如何在学习活动护嗓,学习活动护嗓,避免大声朗读；每小时休息5分钟；备温水；避免用嗓过度,日常,中
如何在工作活动护嗓,工作活动护嗓,用麦克风开会；每小时休息5分钟；避免长时间发言；备温水,日常,中
如何在生活活动护嗓,生活活动护嗓,避免大喊大叫；每小时休息5分钟；备温水；避免用嗓过度,日常,中
早上起来嗓子总是干哑发紧怎么办,晨起嗓子干哑,睡前在卧室开加湿器保持湿度40%-60%；晨起喝一杯35℃左右的温蜂蜜水；避免晨起用力清嗓，用小口吞咽缓解；睡前3小时不进食，减少胃酸反流影响,日常,高
说话多了嗓子有异物感怎么快速缓解,用嗓过度 异物感,立即停止说话，做3分钟气泡音放松声带；小口多次喝35-40℃温水；用温盐水含漱咽喉10秒，重复3次；避免频繁清嗓，用吞咽动作代替,用嗓后,高
教师连续上课后嗓子疼，有什么快速恢复的方法,教师 用嗓过度 嗓子疼,下课后立即禁声休息5-10分钟；做喉部两侧轻柔按摩；用生理盐水雾化吸入5分钟；课间喝温麦冬水，避免咖啡浓茶；用腹式发声代替嗓子硬喊,职业用嗓,高
孩子大喊大叫后声音嘶哑了怎么办,儿童 声音嘶哑,让孩子立即停止大喊大叫，尽量少说话；多喝温温水，避免冷饮甜食；不要让孩子模仿怪声说话；如果嘶哑超过2周，及时到耳鼻喉科检查声带,儿童,高
孕妇嗓子干痒疼，不能吃药怎么缓解,孕妇 嗓子疼 无药缓解,多喝35℃左右的温水，小口慢饮；用温盐水漱口，每日3次；室内保持湿度40%-60%；煮雪梨银耳汤饮用，避免辛辣刺激食物；如果症状加重，及时就医遵医嘱用药,特殊人群,高
慢性咽炎患者秋冬季节怎么护嗓,慢性咽炎 秋冬护嗓,每日用温盐水漱口2次；室内持续开加湿器，避免干燥；出门戴围巾护住喉部，避免冷空气刺激；多喝麦冬玉竹茶，少吃辛辣寒凉食物；规律作息，避免感冒加重咽炎,疾病期,中
唱K后嗓子嘶哑，第二天还要演出怎么办,唱K 用嗓过度 声音嘶哑,立即完全禁声，避免任何形式的发声；用温生理盐水雾化吸入，每次10分钟，每日2次；喝温的蜂蜜柠檬水，避免冰饮和辛辣食物；做喉部放松按摩，不要用力清嗓；如果嘶哑严重，及时就医评估声带情况,娱乐,高
空调房里待久了嗓子干得难受怎么办,空调房 嗓子干,在空调房内放加湿器，保持湿度40%-60%；每小时喝100ml左右的温水；避免空调风口直吹面部和喉部；含服无薄荷的温和润喉糖；下班回家后用蒸汽熏喉10分钟,日常,中
胃酸反流导致嗓子总有灼烧感怎么办,胃酸反流 嗓子灼烧,睡前3小时绝对不进食；睡觉时把床头抬高15-20cm，减少反流；避免咖啡、酒精、辛辣、过甜的食物；少食多餐，晚餐只吃七分饱；饭后不要立即躺下，站立半小时以上,日常,高
主播每天直播4小时，怎么日常护嗓,主播 长期用嗓 护嗓,直播前做5分钟气泡音和哼鸣练声；直播时用专业麦克风，保持15cm距离，避免凑近大喊；每直播1小时休息10分钟，完全禁声；直播后喝温温水，不喝冰饮；每日练声不超过1小时，避免硬挤高音,职业用嗓,高
老年人说话久了嗓子没力气怎么办,老年人 嗓子无力,每日晨起做2分钟气泡音练习，锻炼声带；控制单次说话时间不超过15分钟，中间休息；用腹式呼吸辅助发声，减少喉部负担；多吃润肺的雪梨、银耳等食物；如果声音持续改变，及时做喉部检查,老年人,中
感冒后嗓子完全说不出话了怎么办,感冒 失声,立即完全禁声，连耳语都不要说，避免加重声带损伤；用生理盐水雾化吸入，每日2次，每次10分钟；多喝温温水，避免含薄荷的喉片；及时就医治疗感冒炎症，不要自行用抗生素,疾病期,高
哺乳期嗓子疼，不敢吃药怎么护理,哺乳期 嗓子疼 护理,用温盐水漱口，每日3-4次；多喝温温水，小口慢饮；室内保持合适湿度，避免干燥；煮冰糖雪梨水饮用，避免辛辣刺激食物；如果症状持续加重，及时就医，告知医生哺乳期，遵医嘱用药,特殊人群,中
频繁清嗓的习惯怎么改掉,频繁清嗓 习惯纠正,想清嗓时，用小口吞咽温水代替；做轻柔的哼鸣动作，放松声带；日常多补水，保持喉部湿润；如果频繁有清嗓的冲动，检查是否有胃酸反流或慢性咽炎，针对性治疗,日常,高
销售每天打电话8小时，怎么保护嗓子,销售 电话沟通 护嗓,打电话时用耳麦，避免把手机贴紧耳朵大喊；每通话30分钟休息5分钟，禁声放松；用腹式发声，控制音量，不用嗓子硬喊；日常多喝温水，随身带温和润喉糖；下班后做喉部放松按摩,职业用嗓,高
孩子总喜欢大喊大叫，怎么教他护嗓,儿童 大喊大叫 护嗓,用游戏化的方式教孩子轻声说话，比如“悄悄话游戏”；告诉孩子大喊大叫会让嗓子“生病”；孩子说话声音正常时及时表扬；多给孩子喝温水，少吃甜食冷饮；避免在孩子面前大喊大叫，做好榜样,儿童,中
雾霾天出门后嗓子痒咳嗽怎么办,雾霾天 嗓子痒,出门必须戴N95口罩，隔绝粉尘；回家后立即用温盐水漱口和洗鼻；多喝温水，保持喉部湿润；室内开空气净化器，避免开窗；如果咳嗽持续，及时就医检查,日常,中
声带小结患者日常要注意什么,声带小结 日常护理,严格控制用嗓，避免长时间说话、大喊大叫；学习正确的腹式发声方法，减少声带摩擦；避免辛辣、过烫、刺激性食物；定期到耳鼻喉科复查；遵医嘱做语言病理训练，严重时需手术治疗,疾病期,高
夏天总喝冰饮，嗓子总是不舒服怎么办,夏天 冰饮 嗓子不适,立即减少冰饮摄入，换成常温的温水、绿豆汤；喝温的蜂蜜水缓解喉部刺激；避免空调直吹喉部；如果嗓子持续疼或嘶哑，及时禁声休息；日常用温盐水漱口，保护咽喉黏膜,季节,中
演讲前怎么给嗓子“热身”，避免现场哑掉,演讲前 嗓子热身,演讲前1小时喝温温水，不要吃太饱；做5分钟哼鸣练习，从低音到高音慢慢过渡；做打哈欠练习，打开喉部；做30秒气泡音，放松声带；提前试麦，避免现场需要大喊；不要喝冰饮、咖啡和浓茶,职业用嗓,高
老年人慢性咽炎总不好，怎么长期调理,老年人 慢性咽炎 调理,保持室内湿度40%-60%，避免干燥；每日用温盐水漱口2次；饮食清淡，多吃润肺的食物，避免辛辣寒凉；规律作息，避免感冒；适度锻炼，提高免疫力；不要自行长期喝苦寒的中药茶饮,老年人,中
用嗓过度后，声带疲劳怎么快速恢复,声带疲劳 快速恢复,立即完全禁声休息1-2天，连小声说话都避免；用生理盐水雾化吸入，每次10分钟；做喉部两侧的轻柔按摩，每次2分钟；喝温的麦冬甘草水，避免刺激性食物；保证充足睡眠，让声带充分修复,用嗓后,高
火锅吃多了嗓子疼，怎么快速缓解,吃辣 嗓子疼,立即喝温牛奶或酸奶，缓解辣椒对黏膜的刺激；多喝温温水，小口慢饮；用温盐水漱口，每日3次；避免继续吃辛辣、过烫的食物；含服温和的润喉糖，不要用力清嗓；如果疼痛持续2天以上，及时就医,日常,中
幼儿园老师每天哄孩子，嗓子总哑怎么办,幼儿园老师 护嗓,用无线耳麦扩音，避免哄孩子时大喊；用游戏化的方式引导孩子，减少说教；每节课后做5分钟气泡音放松；课间多喝温水，随身带润喉糖；下班后完全禁声，让声带休息；学习腹式发声方法,职业用嗓,高
孕妇胃酸反流伤嗓子，怎么缓解,孕妇 胃酸反流 护嗓,少食多餐，每餐只吃七分饱；睡前3小时绝对不进食；避免咖啡、浓茶、辛辣、过甜的食物；睡觉时把上半身垫高一点，减少反流；饭后站立半小时，不要立即躺下；多喝温水，缓解喉部灼烧感,特殊人群,中
急性喉炎发作，在家怎么应急处理,急性喉炎 应急处理,立即完全禁声，任何形式的发声都要避免；用生理盐水雾化吸入，每次10分钟，每2小时一次；多喝温温水，避免刺激物；保持室内湿度，避免干燥；如果出现呼吸困难、说不出话，立即就医,疾病期,高
冬天出门冷风一吹，嗓子就疼怎么办,冬天 冷风 嗓子疼,出门必须戴围巾，把喉部完全护住，避免冷空气直吹；戴口罩，预热吸入的空气；回家后立即喝温温水，用蒸汽熏喉10分钟；室内开加湿器，避免干燥；日常多做喉部放松练习，增强喉部抵抗力,季节,中
配音员每天长时间录音，怎么科学护嗓,配音员 长期录音 护嗓,分段录制，每录制30分钟休息10分钟，完全禁声；录音前做5分钟的声带热身，气泡音+哼鸣；用腹式发声，避免模仿尖锐、嘶吼的声音；录音时保持合适的麦克风距离，不用凑近大喊；录音后喝温温水，不喝冰饮；每日练声不超过1小时,职业用嗓,高
孩子感冒后嗓子哑了很久不好，怎么办,儿童 感冒后 声音嘶哑,让孩子严格禁声，避免大喊大叫、哭闹；多喝温温水，避免冷饮甜食；不要让孩子模仿怪声说话；室内保持合适湿度，避免干燥；如果嘶哑超过2周，必须到耳鼻喉科做喉镜检查，排除声带损伤,儿童,高
熬夜后嗓子发紧、说话没力气怎么办,熬夜 嗓子不适,立即补充睡眠，让身体和声带充分修复；多喝温的麦冬玉竹茶，缓解喉部干燥；做5分钟的喉部放松按摩和气泡音练习；严格控制用嗓，避免长时间说话；避免咖啡、浓茶提神，加重喉部干燥,日常,中
体育老师户外上课，怎么保护嗓子,体育老师 户外上课 护嗓,用哨子代替大喊大叫发指令；分组教学，减少连续用嗓的时间；户外戴口罩，避免粉尘和冷风刺激；下课后立即喝温温水，做喉部放松；用扩音设备，避免在空旷场地大喊；课后完全禁声休息,职业用嗓,高
哺乳期嗓子干痒，有什么安全的润喉方法,哺乳期 嗓子干痒 润喉,多喝温温水，小口慢饮，每日1500-2000ml；用温盐水漱口，每日3次；室内开加湿器，保持湿度40%-60%；煮雪梨百合汤饮用，温和润喉；避免辛辣、过甜的食物；如果症状持续，及时就医,特殊人群,中
游泳后嗓子疼、有异物感怎么办,游泳后 嗓子疼,用温盐水漱口，清洁咽喉黏膜；避免用力清嗓，用小口吞咽缓解；多喝温温水，保持喉部湿润；如果疼痛持续超过2天，或出现发热，及时就医，检查是否泳池水刺激引发炎症；下次游泳戴鼻夹，避免呛水,日常,中
怎么判断自己的声带是不是受损了,声带损伤 判断,出现持续超过2周的声音嘶哑，休息后也不缓解；说话时喉部有疼痛感，发声费力；说话音量变小，高音发不出来；痰中带血；出现以上任何情况，都要立即到耳鼻喉科做喉镜检查,疾病期,高
春天花粉多，嗓子痒总咳嗽怎么办,春天 花粉 嗓子痒,出门戴N95口罩和护目镜，隔绝花粉；回家后立即换衣服、洗脸、用温盐水漱口洗鼻；室内关窗，开空气净化器；多喝温温水，保持喉部湿润；如果症状严重，及时就医，遵医嘱用抗过敏药物,季节,中
长时间开会议说话，怎么避免嗓子累,长时间开会 护嗓,开会时用麦克风，控制音量，不用大喊；每发言15分钟，停顿喝口水休息；用腹式发声，减少喉部负担；会议间隙做2分钟的气泡音放松；会议前不要吃太饱、喝太多咖啡；会议后禁声休息10分钟,职业用嗓,中
老年人嗓子干，说话总觉得有痰怎么办,老年人 嗓子干 有痰,每日多喝温温水，小口慢饮，不要大口猛灌；室内开加湿器，保持湿度40%-60%；用温盐水漱口，每日2次；多吃润肺的银耳、雪梨、百合等食物；避免辛辣、过咸的食物；如果痰多持续，及时就医检查,老年人,中
大声吵架后嗓子疼、嘶哑怎么办,吵架后 嗓子疼,立即完全禁声，避免继续说话、情绪激动；多喝温温水，小口慢饮；做喉部轻柔按摩，放松紧张的肌肉；用蒸汽熏喉10分钟，缓解喉部充血；如果24小时后症状没有缓解，及时就医检查声带,日常,中
新人主播刚开播，嗓子每天都疼，怎么调整,新人主播 嗓子疼 调整,立即调整发声方式，学习腹式发声，不用嗓子硬喊；用专业的电容麦，保持15-20cm距离，不用凑近大喊；控制每日直播时长，从2小时慢慢增加，不要一开始就播4小时以上；每直播1小时，必须休息10分钟，完全禁声；直播后做声带放松练习，喝温温水，不喝冰饮；如果持续疼痛，及时就医检查,职业用嗓,高
孩子有清嗓子的坏习惯，怎么纠正,儿童 清嗓子 习惯纠正,先带孩子就医，排除慢性咽炎、鼻炎、反流等病理原因；孩子想清嗓子时，引导他小口喝水、做吞咽动作；多给孩子喝温水，保持喉部湿润；避免孩子吃甜食、冷饮，减少喉部刺激；不要反复提醒孩子“不要清嗓子”，避免强化习惯,儿童,中
高原旅行时嗓子干疼，怎么缓解,高原 嗓子干疼,每日喝足量的温水，比平时多500ml左右；全程戴口罩，湿润吸入的干燥空气；室内用加湿器，没有的话用湿毛巾搭在床头；多吃富含水分的水果，避免辛辣、过咸的食物；减少大声说话，控制用嗓时间；用温盐水漱口，每日2次,特殊环境,中
怎么在家做蒸汽熏喉护嗓,蒸汽熏喉 方法,准备40℃左右的温水，倒入宽口杯中；用干净的毛巾盖住头部和杯口，避免蒸汽散出；嘴巴对着杯口，缓慢吸入蒸汽，每次10分钟，每日1-2次；注意水温不要太高，避免烫伤；熏喉后不要立即出门，避免冷风刺激,日常,中
网课老师每天对着电脑讲课，怎么护嗓,网课老师 护嗓,用头戴式耳麦，避免凑近电脑麦克风大喊；每节课后做5分钟的气泡音放松声带；室内开加湿器，避免空调房干燥；课间多喝温温水，不要喝咖啡、浓茶；控制每日课时，连续讲课不超过2小时；下课后完全禁声休息，让声带恢复,职业用嗓,高
胖大海能不能长期喝来护嗓,胖大海 长期饮用,胖大海不能长期连续饮用，它仅适合短期缓解急性的声音嘶哑、咽喉肿痛；长期喝会损伤脾胃，导致腹泻、食欲不振；脾胃虚寒、容易腹泻的人慎用；孕妇、儿童需要在医生指导下使用；护嗓核心是科学用嗓，不是靠茶饮,日常,高
梅雨季潮湿，嗓子总觉得有痰不舒服怎么办,梅雨季 嗓子有痰,室内开除湿机，保持湿度在50%左右；饮食清淡，少吃生冷、甜腻的食物，避免生痰；多喝温的陈皮水，帮助化痰；用温盐水漱口，每日2次；适度运动，促进身体代谢；如果痰多持续，及时就医检查,季节,中
声带手术后，怎么科学恢复用嗓,声带手术 术后恢复,术后1-2周严格禁声，连耳语都不能说；术后2-4周可以说极少量的话，每次不超过5分钟，用轻柔的气息声；术后1个月内避免大声说话、唱歌；学习正确的腹式发声方法，避免再次损伤声带；定期复查，遵医嘱调整恢复方案；术后3个月内避免辛辣、刺激性食物,疾病期,高
户外直播时，怎么在嘈杂环境里护嗓,户外直播 护嗓,用降噪效果好的无线麦克风，避免在嘈杂环境里大喊；尽量找相对安静的环境直播；控制直播时长，每30分钟休息5分钟；直播时用腹式发声，控制音量；直播后立即禁声休息，喝温温水；户外戴口罩，避免粉尘、冷风刺激喉部,职业用嗓,中
孕妇感冒了嗓子疼，有什么安全的处理方法,孕妇 感冒 嗓子疼,多喝温温水，小口慢饮，每日1500-2000ml；用温盐水漱口，每2小时一次；室内保持湿度40%-60%，避免干燥；煮冰糖雪梨水、葱白姜水饮用，缓解症状；保证充足睡眠，提高免疫力；如果症状加重、出现发热，立即就医，告知医生怀孕情况，遵医嘱用药,特殊人群,高
怎么给孩子做日常护嗓教育,儿童 护嗓教育,用绘本、动画的形式给孩子讲嗓子的作用，让孩子理解护嗓的重要性；用游戏化的方式，比如“轻声小天使”游戏，鼓励孩子轻声说话；家长做好榜样，在家不大喊大叫；告诉孩子嗓子不舒服时要及时说，不要硬撑；日常给孩子多喝温水，少吃甜食冷饮,儿童,中
护嗓的黄金时间段是哪些，怎么利用,护嗓 黄金时间,1. 晨起：做2分钟气泡音练习，给声带热身，喝一杯温